<?xml version="1.0" encoding="UTF-8" standalone="yes"?>
<?mso-application progid="Word.Document"?>
<w:wordDocument xmlns:w="http://schemas.microsoft.com/office/word/2003/wordml" xmlns:v="urn:schemas-microsoft-com:vml" xmlns:w10="urn:schemas-microsoft-com:office:word" xmlns:sl="http://schemas.microsoft.com/schemaLibrary/2003/core" xmlns:aml="http://schemas.microsoft.com/aml/2001/core" xmlns:wx="http://schemas.microsoft.com/office/word/2003/auxHint" xmlns:o="urn:schemas-microsoft-com:office:office" xmlns:dt="uuid:C2F41010-65B3-11d1-A29F-00AA00C14882" w:macrosPresent="no" w:embeddedObjPresent="no" w:ocxPresent="no" xml:space="preserve">

<w:styles>
<w:style w:type="paragraph" w:default="on" w:styleId="Normal"><w:name w:val="Normal"/><w:pPr><w:spacing w:line="299" w:line-rule="exact"/><w:ind w:first-line="227"/><w:jc w:val="both"/></w:pPr><w:rPr><w:rFonts w:ascii="Stempel Garamond Roman" w:h-ansi="Stempel Garamond Roman"/><wx:font wx:val="Stempel Garamond Roman"/><w:sz w:val="22"/><w:lang w:val="FR" w:fareast="FR" w:bidi="AR-SA"/></w:rPr></w:style>
<w:style w:type="paragraph" w:styleId="Titre1"><w:name w:val="heading 1"/><wx:uiName wx:val="Titre 1"/><w:basedOn w:val="Normal"/><w:next w:val="Normal"/><w:pPr><w:pStyle w:val="Titre1"/><w:keepNext/><w:spacing w:before="240" w:after="60"/><w:outlineLvl w:val="0"/></w:pPr><w:rPr><w:rFonts w:ascii="Arial" w:h-ansi="Arial" w:cs="Arial"/><wx:font wx:val="Arial"/><w:b/><w:b-cs/><w:kern w:val="64"/><w:sz w:val="64"/><w:sz-cs w:val="64"/></w:rPr></w:style>
<w:style w:type="paragraph" w:styleId="Titre2"><w:name w:val="heading 2"/><wx:uiName wx:val="Titre 2"/><w:basedOn w:val="Normal"/><w:next w:val="Normal"/><w:pPr><w:pStyle w:val="Titre2"/><w:keepNext/><w:spacing w:before="1196" w:after="1196"/><w:ind w:first-line="0"/><w:jc w:val="center"/><w:outlineLvl w:val="1"/></w:pPr><w:rPr><w:rFonts w:ascii="Stempel Garamond Roman" w:h-ansi="Stempel Garamond Roman" w:cs="Arial"/><wx:font wx:val="Stempel Garamond Roman"/><w:b-cs/><w:i/><w:i-cs/><w:sz w:val="72"/><w:sz-cs w:val="28"/></w:rPr></w:style>
<w:style w:type="paragraph" w:styleId="Titre3"><w:name w:val="heading 3"/><wx:uiName wx:val="Titre 3"/><w:basedOn w:val="Normal"/><w:next w:val="Normal"/><w:pPr><w:pStyle w:val="Titre3"/><w:keepNext/><w:tabs><w:tab w:val="right" w:pos="6336"/></w:tabs><w:spacing w:before="598" w:after="299"/><w:ind w:first-line="0"/><w:outlineLvl w:val="2"/></w:pPr><w:rPr><w:rFonts w:ascii="Folio Medium" w:h-ansi="Folio Medium" w:cs="Arial"/><wx:font wx:val="Folio Medium"/><w:b-cs/><w:sz w:val="22"/><w:sz-cs w:val="22"/></w:rPr></w:style>
<w:style w:type="paragraph" w:styleId="Titre4"><w:name w:val="heading 4"/><wx:uiName wx:val="Titre 4"/><w:basedOn w:val="Titre3"/><w:next w:val="Normal"/><w:pPr><w:pStyle w:val="Titre4"/><w:keepNext/><w:spacing w:before="299" w:after="0"/><w:jc w:val="left"/><w:outlineLvl w:val="3"/></w:pPr><w:rPr><wx:font wx:val="Folio Medium"/><w:b-cs/><w:sz w:val="22"/><w:sz-cs w:val="22"/></w:rPr></w:style>
<w:style w:type="paragraph" w:styleId="Comment"><w:name w:val="Comment"/><w:basedOn w:val="Normal"/><w:pPr><w:pStyle w:val="Comment"/></w:pPr><w:pPr><w:spacing w:before="110" w:after="0" w:line="220" w:line-rule="exact"/><w:ind w:first-line="0"/></w:pPr><w:rPr><w:rFonts w:ascii="Folio Light" w:h-ansi="Folio Light"/><wx:font wx:val="Folio Light"/><w:sz w:val="16"/></w:rPr></w:style>
<w:style w:type="paragraph" w:styleId="blockquote"><w:name w:val="blockquote"/><w:basedOn w:val="Normal"/><w:pPr><w:pStyle w:val="blockquote"/><w:spacing w:before="299" w:after="299"/><w:ind w:left="227" w:first-line="0"/></w:pPr><w:rPr><wx:font wx:val="Times New Roman"/><w:i/></w:rPr></w:style>
<w:style w:type="paragraph" w:styleId="image"><w:name w:val="image"/><w:basedOn w:val="Normal"/><w:pPr><w:pStyle w:val="image"/></w:pPr><w:pPr><w:spacing w:before="110" w:after="110" w:line="240" w:line-rule="auto"/><w:ind w:first-line="0"/><w:jc w:val="center"/></w:pPr><w:rPr><wx:font wx:val="Times New Roman"/></w:rPr></w:style>
<w:style w:type="paragraph" w:styleId="Folio"><w:name w:val="Folio"/><w:basedOn w:val="Normal"/><w:rsid w:val="00CA3C70"/><w:pPr><w:tabs><w:tab w:val="right" w:pos="6336"/></w:tabs><w:ind w:first-line="0"/></w:pPr><w:rPr><w:rFonts w:ascii="Folio Medium" w:h-ansi="Folio Medium"/><wx:font wx:val="Folio Medium"/><w:sz w:val="18"/></w:rPr></w:style>
<w:style w:type="character" w:styleId="ital"><w:name w:val="ital"/><w:basedOn w:val="Policepardfaut"/><w:link w:val="ital"/><w:rPr><w:i/></w:rPr></w:style>
<w:style w:type="character" w:styleId="bold"><w:name w:val="bold"/><w:basedOn w:val="Policepardfaut"/><w:link w:val="bold"/><w:rPr><w:b/></w:rPr></w:style>
<w:style w:type="character" w:styleId="link"><w:name w:val="link"/><w:basedOn w:val="Policepardfaut"/><w:link w:val="link"/><w:rPr><w:u w:val="dotted"/></w:rPr></w:style>
</w:styles>

<w:docPr><w:view w:val="normal"/><w:zoom w:percent="140"/><w:mirrorMargins/>
<w:autoHyphenation/><w:consecutiveHyphenLimit w:val="3"/><w:hyphenationZone w:val="454"/><w:doNotHyphenateCaps/><w:evenAndOddHeaders/><w:displayHorizontalDrawingGridEvery w:val="0"/><w:displayVerticalDrawingGridEvery w:val="0"/>
<w:useMarginsForDrawingGridOrigin/><w:characterSpacingControl w:val="DontCompress"/><w:optimizeForBrowser/><w:validateAgainstSchema/><w:saveInvalidXML w:val="off"/><w:ignoreMixedContent w:val="off"/>
<w:alwaysShowPlaceholderText w:val="off"/>
<w:footnotePr><w:footnote w:type="separator"><w:p><w:pPr><w:spacing w:line="40" w:line-rule="auto"/></w:pPr></w:p></w:footnote><w:footnote w:type="continuation-separator"><w:p><w:r><w:continuationSeparator/></w:r></w:p></w:footnote></w:footnotePr><w:endnotePr><w:endnote w:type="separator"><w:p><w:r><w:separator/></w:r></w:p></w:endnote><w:endnote w:type="continuation-separator"><w:p><w:r><w:continuationSeparator/></w:r></w:p></w:endnote></w:endnotePr><w:compat><w:usePrinterMetrics/><w:ww6BorderRules/><w:footnoteLayoutLikeWW8/><w:shapeLayoutLikeWW8/><w:alignTablesRowByRow/><w:forgetLastTabAlignment/><w:doNotUseHTMLParagraphAutoSpacing/><w:layoutRawTableWidth/><w:layoutTableRowsApart/><w:useWord97LineBreakingRules/><w:dontAllowFieldEndSelect/><w:useWord2002TableStyleRules/></w:compat></w:docPr>

<w:body>